{"amount":6,"sequences":["Sin","Sin","Sin","Sin","Sin","Sin"],"percentages":[5.0,10.0,11.0,12.0,12.100000381469727,12.199999809265137]}
